"objectID";"parcelID";"parcelNumber";"shapeLength";"shapeArea";"geometry";"owner";"parish";"municipality";"island"
"1";"7343148";"2996240000000";"57.2469341921808";"202.05981432070362";"MULTIPOLYGON (((299218.5203999998 3623637.4791, 299218.5033999998 3623637.4715, 299218.04000000004 3623638.4800000004, 299232.7400000002 3623644.6799999997, 299236.6233999999 3623637.1974, 299236.93709999975 3623636.7885999996, 299238.04000000004 3623633.4800000004, 299222.63999999966 3623627.1799999997, 299218.5203999998 3623637.4791)))";"93";"Arco da Calheta";"Calheta";"Ilha da Madeira (Madeira)"
"138";"7350213";"2976220000000";"77.88483961099904";"235.38846544564066";"MULTIPOLYGON (((297438.841 3622000.3060999997, 297445.55709999986 3621998.4744000006, 297443.96999999974 3621985.4800000004, 297441.96999999974 3621976.58, 297423.5700000003 3621988.380000001, 297425.3700000001 3621992.1799999997, 297434.76999999955 3621988.4800000004, 297438.46999999974 3621998.08, 297438.841 3622000.3060999997)))";"93";"Arco da Calheta";"Calheta";"Ilha da Madeira (Madeira)"
"183";"7343448";"2986240000000";"147.11373668325768";"698.8726677948932";"MULTIPOLYGON (((298493.92080000043 3623546.9681, 298491.8799999999 3623542.33, 298494.5800000001 3623540.0299999993, 298500.98000000045 3623538.7300000004, 298503.7768000001 3623537.578400001, 298505.80759999994 3623538.1755999997, 298506.2944 3623536.1337, 298512.68840000033 3623509.3143000007, 298505.4874999998 3623504.685900001, 298499.02880000044 3623499.8244000003, 298499.0069000004 3623499.8079000004, 298499.0099999998 3623499.8000000007, 298498.89109999966 3623499.7206999995, 298498.0876000002 3623499.1159000006, 298498.06120000035 3623499.1675000004, 298497.89240000024 3623499.0549999997, 298497.9349999996 3623498.975400001, 298495.39639999997 3623497.898499999, 298494.7427000003 3623497.621099999, 298494.75 3623497.7200000007, 298492.9941999996 3623510.842599999, 298493.0499999998 3623510.83, 298489.6500000004 3623548.33, 298495.926 3623553.0845, 298496.3256000001 3623552.5516, 298496.3865 3623552.5999999996, 298497.6286000004 3623550.8957, 298497.6799999997 3623550.9299999997, 298500.6799999997 3623548.0299999993, 298499.1799999997 3623545.630000001, 298498.12179999985 3623546.225299999, 298497.40770000033 3623544.9756000005, 298493.92080000043 3623546.9681)))";"93";"Arco da Calheta";"Calheta";"Ilha da Madeira (Madeira)"
"241";"10042808";"2986220000000";"66.57824258154812";"188.75810962655797";"MULTIPOLYGON (((298066.1584000001 3622483.8597, 298066.1584000001 3622489.1777, 298066.1584000001 3622491.3836000003, 298066.34580000024 3622491.3702000007, 298066.5599999996 3622493.0299999993, 298079.5599999996 3622491.2300000004, 298092.2599999998 3622490.2300000004, 298092.2599999998 3622489.519200001, 298092.38150000013 3622489.510500001, 298091.36000000034 3622484.33, 298066.36000000034 3622483.9299999997, 298066.1584000001 3622483.8597)))";"93";"Arco da Calheta";"Calheta";"Ilha da Madeira (Madeira)"
"245";"20344332";"2996230000000";"86.27957565826101";"262.63491008437444";"MULTIPOLYGON (((298732.72589999996 3623871.476, 298731.96999999974 3623872.119999999, 298731.46999999974 3623873.3200000003, 298741.8700000001 3623881.42, 298742.1699999999 3623880.8200000003, 298742.17260000017 3623880.8112000003, 298742.2407999998 3623880.871200001, 298744.2253999999 3623877.2248, 298746.45469999965 3623872.990599999, 298750.1699999999 3623865.119999999, 298753.5700000003 3623858.5199999996, 298758.0700000003 3623850.619999999, 298758.10819999967 3623850.7687999997, 298758.2159000002 3623849.982000001, 298758.11000000034 3623850.0999999996, 298757.1704000002 3623848.9218000006, 298749.1699999999 3623856.3200000003, 298735.99899999984 3623868.6878999993, 298734.26099999994 3623870.168400001, 298732.72589999996 3623871.476)))";"93";"Arco da Calheta";"Calheta";"Ilha da Madeira (Madeira)"
"277";"7351286";"2996220000000";"145.6956600007232";"1106.0322274325185";"MULTIPOLYGON (((299093.9095999999 3621512.4681, 299087.5296 3621518.8881, 299083.9397 3621524.9781, 299081.2759999996 3621529.5051000006, 299080.76999999955 3621533.6799999997, 299080.76999999955 3621538.880000001, 299082.1699999999 3621545.2799999993, 299083.76999999955 3621551.08, 299086.76999999955 3621554.2799999993, 299090.3700000001 3621556.4800000004, 299095.5700000003 3621559.08, 299096.01400000043 3621559.4056, 299127.6656999998 3621537.3531, 299115.5050999997 3621532.134299999, 299115.65380000044 3621531.7261999995, 299113.9639999997 3621531.1093000006, 299113.96999999974 3621531.08, 299107.8570999997 3621528.440300001, 299105.1699999999 3621527.2799999993, 299098.76999999955 3621527.2799999993, 299097.6606999999 3621517.9899000004, 299097.1699999999 3621513.880000001, 299094.1699999999 3621512.6799999997, 299094.0502000004 3621512.8387, 299093.9095999999 3621512.4681)))";"93";"Arco da Calheta";"Calheta";"Ilha da Madeira (Madeira)"
"437";"20965824";"2986220000000";"111.522483971083";"617.5400109975052";"MULTIPOLYGON (((298012.95019999985 3621801.9058999997, 298010.61000000034 3621811.960000001, 298035.11000000034 3621816.76, 298037.20999999996 3621808.8599999994, 298030.8099999996 3621805.5600000005, 298026.91000000015 3621782.26, 298013.91000000015 3621784.0600000005, 298006.70999999996 3621797.16, 298006.9435999999 3621797.2732999995, 298007.0099999998 3621797.2300000004, 298013.5099999998 3621800.4299999997, 298012.95019999985 3621801.9058999997)))";"93";"Arco da Calheta";"Calheta";"Ilha da Madeira (Madeira)"
"452";"7351171";"2986210000000";"158.26591348379753";"1460.2400617151436";"MULTIPOLYGON (((298005.4199999999 3621605, 298006.6200000001 3621605.0999999996, 298006.6816999996 3621595.4042000007, 298006.8797000004 3621564.270199999, 298006.88129999954 3621564.2192, 297977.35720000044 3621547.0217000004, 297976.4500000002 3621553.0999999996, 297975.2000000002 3621564.3000000007, 297973.5499999998 3621581.3499999996, 297972.4000000004 3621593.8000000007, 297972.79000000004 3621594.1899999995, 297980.6200000001 3621596.8000000007, 297993.6200000001 3621601.5, 298001.8300000001 3621604.3100000005, 298001.83050000016 3621604.3072999995, 298005.4199999999 3621605)))";"93";"Arco da Calheta";"Calheta";"Ilha da Madeira (Madeira)"
"520";"16637812";"2986220000000";"67.1171405045778";"233.30498877722084";"MULTIPOLYGON (((298480.6644000001 3621855.5770999994, 298491.70129999984 3621875.0755000003, 298502.56680000015 3621871.6898999996, 298495.37540000025 3621861.1942, 298492.77080000006 3621857.392999999, 298488.8542999998 3621851.677100001, 298480.6644000001 3621855.5770999994)))";"93";"Arco da Calheta";"Calheta";"Ilha da Madeira (Madeira)"
"527";"7351443";"2986210000000";"101.76146521608523";"639.0042804850754";"MULTIPOLYGON (((297823.26570000034 3621511.3224, 297838.66000000015 3621492.3499999996, 297837.3992999997 3621491.2446, 297819.5963000003 3621475.635399999, 297817.5599999996 3621473.8499999996, 297816.89080000017 3621475.2640000004, 297816.88999999966 3621475.2699999996, 297811.16000000015 3621486.1500000004, 297805.3206000002 3621497.4459000006, 297823.26570000034 3621511.3224)))";"93";"Arco da Calheta";"Calheta";"Ilha da Madeira (Madeira)"
"595";"7343637";"2986240000000";"98.22850069182721";"395.96139096825993";"MULTIPOLYGON (((298528.54279999994 3623634.6335000005, 298529.3230999997 3623634.4351000004, 298539.11760000046 3623631.9449000005, 298538.93200000003 3623631.114, 298537.7226 3623625.6977999993, 298538.0700000003 3623623.6999999993, 298538.0700000003 3623621.9000000004, 298538.0566999996 3623621.8352000006, 298535.76999999955 3623610.6999999993, 298534.92920000013 3623610.719900001, 298528.9463999998 3623610.861199999, 298523.4156999998 3623610.991800001, 298523.4335000003 3623611.074100001, 298523.0840999996 3623611.1129, 298523.01999999955 3623611.119999999, 298523.15270000044 3623611.661699999, 298525.46999999974 3623621.119999999, 298524.54580000043 3623621.2939, 298523.0379999997 3623621.5776000004, 298517.3733000001 3623622.6434000004, 298511.3225999996 3623623.7819, 298513.9614000004 3623632.6066999994, 298526.4014999997 3623629.906199999, 298527.46740000043 3623629.674799999, 298528.54279999994 3623634.6335000005)))";"93";"Arco da Calheta";"Calheta";"Ilha da Madeira (Madeira)"
"816";"7351573";"2986210000000";"107.54272704673244";"230.53500165194887";"MULTIPOLYGON (((298078.47809999995 3621455.2349999994, 298080.3499999996 3621455.8200000003, 298084.9500000002 3621457.3200000003, 298090.35450000037 3621450.6381, 298084.8233000003 3621446.0688000005, 298077.7581000002 3621442.3826, 298071.90660000034 3621440.3926, 298065.5516999997 3621439.3742999993, 298062.4746000003 3621441.1180000007, 298061.68379999977 3621440.9060999993, 298060.0502000004 3621441.927100001, 298057.30289999954 3621443.644099999, 298055.1052000001 3621447.4308, 298054.1162999999 3621454.0627999995, 298054.09020000044 3621454.2375000007, 298058.75 3621454.8200000003, 298060.0499999998 3621444.7200000007, 298062.0499999998 3621443.8200000003, 298066.0499999998 3621444.0199999996, 298077.1500000004 3621446.92, 298080.1699999999 3621447.42, 298078.47809999995 3621455.2349999994)))";"93";"Arco da Calheta";"Calheta";"Ilha da Madeira (Madeira)"
"878";"7352142";"2996200000000";"87.5359599012521";"264.46153639455395";"MULTIPOLYGON (((298718.4737 3620843.4033000004, 298718.6699999999 3620843.6099999994, 298716.76999999955 3620847.01, 298721.0700000003 3620850.8100000005, 298724.0415000003 3620847.8385000005, 298723.9939000001 3620847.7672000006, 298724.0440999996 3620847.6689999998, 298724.0700000003 3620847.8100000005, 298729.6699999999 3620838.01, 298741.0700000003 3620824.1099999994, 298741.6975999996 3620823.2410000004, 298742.8700000001 3620822.01, 298741.49629999977 3620820.5447000004, 298741.4653000003 3620820.5742000006, 298737.0508000003 3620816.6777, 298736.1699999999 3620819.3200000003, 298730.76999999955 3620823.7200000007, 298726.76999999955 3620829.119999999, 298723.26999999955 3620834.7200000007, 298720.1699999999 3620841.619999999, 298718.4737 3620843.4033000004)))";"93";"Arco da Calheta";"Calheta";"Ilha da Madeira (Madeira)"
"899";"20788044";"2986220000000";"93.76175398893143";"235.4382999828838";"MULTIPOLYGON (((298326.3200000003 3621557.0500000007, 298318.9199999999 3621571.25, 298329.71999999974 3621576.6500000004, 298334.38999999966 3621563.869999999, 298349.0800000001 3621569.4299999997, 298350.71999999974 3621562.6500000004, 298345.9199999999 3621560.8499999996, 298344.3200000003 3621565.0500000007, 298335.1200000001 3621561.8499999996, 298326.3200000003 3621557.0500000007)))";"93";"Arco da Calheta";"Calheta";"Ilha da Madeira (Madeira)"
"976";"19999536";"2986240000000";"202.90524108079575";"1579.5393292878325";"MULTIPOLYGON (((298533.15890000015 3623772.1722, 298531.8837000001 3623777.804199999, 298545.11000000034 3623784.49, 298564.70999999996 3623792.6899999995, 298564.70999999996 3623793.7814000007, 298567.3200000003 3623775.3739, 298568.3114 3623768.3816, 298568.3876 3623767.8440000005, 298568.4494000003 3623766.331599999, 298576.7876000004 3623768.4439000003, 298576.8923000004 3623767.8813000005, 298578.91000000015 3623768.09, 298583.70999999996 3623761.6899999995, 298578.2070000004 3623760.8145000003, 298578.26159999985 3623760.5211999994, 298566.66309999954 3623758.8938999996, 298566.78890000004 3623757.7958000004, 298566.9634999996 3623756.2718, 298565.32490000036 3623756.0688000005, 298557.64169999957 3623755.1165999994, 298538.70409999974 3623752.7696, 298520.3099999996 3623750.49, 298516.11000000034 3623749.8900000006, 298515.66729999986 3623751.6240999997, 298515.63889999967 3623751.7349999994, 298511.3099999996 3623768.6899999995, 298516.35869999975 3623769.645199999, 298516.3498999998 3623769.696900001, 298517.42289999966 3623769.8465, 298518.70999999996 3623770.09, 298533.15890000015 3623772.1722)))";"93";"Arco da Calheta";"Calheta";"Ilha da Madeira (Madeira)"
"989";"7351263";"2986220000000";"216.6216228186431";"1378.3508227605366";"MULTIPOLYGON (((298480.01669999957 3621543.6944999993, 298477.6553999996 3621544.693499999, 298477.5695000002 3621544.6432000007, 298470.2938000001 3621553.779100001, 298470.4475999996 3621553.917300001, 298470.2400000002 3621553.9000000004, 298466.63999999966 3621559.5, 298484.5954 3621578.0253999997, 298485.54000000004 3621579, 298494.54000000004 3621570.1999999993, 298511.04000000004 3621554.9000000004, 298513.33999999985 3621551.5, 298513.7561999997 3621550.425899999, 298514.63999999966 3621545.3000000007, 298516.63999999966 3621538.8000000007, 298516.9400000004 3621533.4000000004, 298517.10390000045 3621533.3091, 298517.1991999997 3621532.8746000007, 298502.26999999955 3621528.0299999993, 298503.0499999998 3621521.6899999995, 298503.0510999998 3621521.6862000003, 298503.04980000015 3621521.6856999993, 298503.1310999999 3621518.8432, 298503.08999999985 3621518.9299999997, 298498.38999999966 3621517.0299999993, 298498.3783 3621516.8134000003, 298498.6387 3621516.8926999997, 298494.4900000002 3621515.2300000004, 298493.49370000046 3621517.032299999, 298487 3621528.7799999993, 298487.0033999998 3621528.7797999997, 298487.0025000004 3621528.7809999995, 298486.5744000003 3621529.3329000007, 298502.95999999996 3621537.9499999993, 298501.16000000015 3621541.3499999996, 298497.2599999998 3621539.6500000004, 298495.0599999996 3621543.3499999996, 298497.95999999996 3621545.25, 298496.66000000015 3621548.0500000007, 298493.7599999998 3621546.75, 298490.95999999996 3621550.6500000004, 298480.01669999957 3621543.6944999993)))";"93";"Arco da Calheta";"Calheta";"Ilha da Madeira (Madeira)"
"992";"7351676";"2996200000000";"402.3567833760845";"3141.253799943249";"MULTIPOLYGON (((298889.66789999977 3621308.3981999997, 298876.08999999985 3621316.8200000003, 298844.1900000004 3621338.8200000003, 298810.29000000004 3621345.2200000007, 298810.1805999996 3621345.3659000006, 298810.1358000003 3621345.219799999, 298806.48000000045 3621346.08, 298807.1886 3621351.9261000007, 298831.79949999973 3621349.2574000005, 298836.3200000003 3621348.2300000004, 298836.01999999955 3621356.33, 298835.77219999954 3621356.3850999996, 298836.0999999996 3621356.42, 298816.5999999996 3621362.119999999, 298793.0203999998 3621368.4442999996, 298795.1612999998 3621383.069599999, 298796.2949000001 3621399.0199999996, 298799.2104000002 3621396.1843999997, 298800.62129999977 3621392.8495000005, 298806.3811999997 3621380.6096, 298813.5811999999 3621373.7696, 298829.4210000001 3621368.0096000005, 298854.98089999985 3621360.0896000005, 298872.62069999985 3621355.7696, 298907.0377000002 3621347.9027999993, 298907.5405000001 3621348.2095999997, 298913.30040000007 3621347.1295999996, 298915.8203999996 3621345.3296000008, 298912.02579999994 3621338.565300001, 298902.3200000003 3621335.33, 298900.8200000003 3621317.33, 298890.62310000043 3621311.665100001, 298890.15469999984 3621311.878900001, 298889.9335000003 3621309.7403999995, 298889.88999999966 3621309.3200000003, 298889.85030000005 3621309.3343, 298889.82749999966 3621309.2172999997, 298889.66789999977 3621308.3981999997)))";"93";"Arco da Calheta";"Calheta";"Ilha da Madeira (Madeira)"
"1506";"7336189";"2976240000000";"93.93464188305408";"241.41931621499452";"MULTIPOLYGON (((297022.9336000001 3624372.9968, 297024.0371000003 3624371.9623000007, 297025.9992000004 3624370.1229999997, 297029.97919999994 3624363.7029999997, 297030.2492000004 3624362.6831, 297032.14919999987 3624362.6831, 297032.14919999987 3624362.6313000005, 297029.7599999998 3624360.8900000006, 297031.2792999996 3624358.6800999995, 297029.7391999997 3624357.4530999996, 297030.62370000035 3624356.3222000003, 297028.9391999999 3624355.143100001, 297032.17920000013 3624350.643100001, 297032.2385999998 3624350.6620000005, 297034.5099999998 3624348.4399999995, 297036.65780000016 3624349.9848999996, 297037.1190999998 3624348.4931000005, 297037.0390999997 3624348.4375, 297037.0390999997 3624346.3232000005, 297029.1191999996 3624340.9232, 297026.9592000004 3624345.963199999, 297023.73139999993 3624351.229699999, 297026.20999999996 3624353.51, 297026.36000000034 3624354.26, 297023.11000000034 3624357.960000001, 297019.7599999998 3624357.8599999994, 297018.2599999998 3624359.6099999994, 297018.03610000014 3624359.865, 297020.4792999998 3624362.8830999993, 297017.8770000003 3624366.2288000006, 297022.9336000001 3624372.9968)))";"93";"Calheta";"Calheta";"Ilha da Madeira (Madeira)"
"1746";"7344260";"2976230000000";"123.2544900640256";"340.84672600771296";"MULTIPOLYGON (((296788.1786000002 3623281.2709, 296798.8985000001 3623281.310799999, 296807.22860000003 3623318.1906000003, 296812.5585000003 3623317.7305999994, 296805.49849999975 3623278.8707999997, 296803.9285000004 3623269.060900001, 296798.9285000004 3623272.4608999994, 296788.1786000002 3623281.2709)))";"93";"Calheta";"Calheta";"Ilha da Madeira (Madeira)"
"2062";"17692316";"2946230000000";"253.61365128292866";"3024.0901956932275";"MULTIPOLYGON (((293857.3951000003 3624138.9908000007, 293847.5301000001 3624137.3911000006, 293839.92920000013 3624141.9042000007, 293842.53000000026 3624148.7200000007, 293834.9299999997 3624152.7200000007, 293832.1299999999 3624155.92, 293828.6299999999 3624158.0199999996, 293821.53000000026 3624160.8200000003, 293811.27249999996 3624176.0163000003, 293807.9299999997 3624182.119999999, 293808.03000000026 3624189.8200000003, 293810.8300000001 3624195.92, 293820.3300000001 3624201.119999999, 293831.3300000001 3624202.7200000007, 293838.73000000045 3624203.0199999996, 293843.38150000013 3624202.0473999996, 293849.73000000045 3624200.7200000007, 293856.6299999999 3624196.5199999996, 293858.4299999997 3624192.5199999996, 293856.3300000001 3624185.7200000007, 293853.3300000001 3624180.2200000007, 293852.03000000026 3624177.42, 293849.0806999998 3624174.7097999994, 293852.6923000002 3624175.6445000004, 293852.4299999997 3624175.42, 293862.73000000045 3624172.0199999996, 293877.4299999997 3624169.92, 293881.03000000026 3624167.5199999996, 293882.0212000003 3624166.3600999992, 293882.01999999955 3624166.3599999994, 293881.6200000001 3624159.960000001, 293883.9299999997 3624158.119999999, 293887.80730000045 3624155.607000001, 293879.72030000016 3624143.4766000006, 293880.51999999955 3624141.460000001, 293872.8200000003 3624139.960000001, 293869.01999999955 3624139.26, 293857.3951000003 3624138.9908000007)))";"93";"Estreito da Calheta";"Calheta";"Ilha da Madeira (Madeira)"
"2151";"17606009";"2956240000000";"312.3922346187761";"1768.0152946877379";"MULTIPOLYGON (((295251.08999999985 3623485.33, 295261.31120000035 3623476.211100001, 295268.7153000003 3623469.6054999996, 295264.2999999998 3623465.01, 295270.4000000004 3623454.8100000005, 295277.2000000002 3623460.6099999994, 295287 3623456.91, 295297.7999999998 3623454.1099999994, 295311.7000000002 3623451.3100000005, 295319.2999999998 3623450.1099999994, 295326.4000000004 3623449.91, 295322.7999999998 3623432.91, 295304.8799999999 3623436.558, 295304.8663999997 3623436.5638999995, 295295.0789000001 3623420.6445000004, 295285.5 3623423.51, 295274.5999999996 3623431.210000001, 295269.9000000004 3623436.01, 295264.5999999996 3623441.3100000005, 295261.4000000004 3623445.8100000005, 295263.2999999998 3623447.6099999994, 295239.9000000004 3623471.6099999994, 295240.2999999998 3623472.51, 295242 3623474.710000001, 295251.08999999985 3623485.33), (295282.4000000004 3623449.6099999994, 295284.9000000004 3623441.91, 295297.0999999996 3623433.1099999994, 295303.7000000002 3623444.6099999994, 295293.5999999996 3623451.01, 295282.4000000004 3623449.6099999994)))";"93";"Estreito da Calheta";"Calheta";"Ilha da Madeira (Madeira)"
"2165";"9557726";"2966240000000";"56.74486089299111";"150.3563617260609";"MULTIPOLYGON (((295854.2268000003 3624682.8079000004, 295854.01999999955 3624682.1099999994, 295839.4199999999 3624690.51, 295845.21999999974 3624700.3100000005, 295854.1989000002 3624694.4541999996, 295851.21999999974 3624689.710000001, 295857.01999999955 3624685.710000001, 295854.4659000002 3624682.5478000008, 295854.2268000003 3624682.8079000004)))";"93";"Estreito da Calheta";"Calheta";"Ilha da Madeira (Madeira)"
"2209";"9804045";"2956240000000";"356.0945692652213";"2771.073886788015";"MULTIPOLYGON (((294929.37430000026 3624423.422700001, 294952.5887000002 3624422.902899999, 294952.59949999955 3624423.2424, 294957.13019999955 3624423.1198999994, 294957.6732999999 3624427.2468999997, 294963.2731999997 3624426.4069, 294964.6311999997 3624439.7141999993, 294964.09520000033 3624442.8841999993, 294965.03830000013 3624444.298699999, 294971.8755000001 3624447.5994000006, 294972.24260000046 3624447.7536999993, 294983.6637000004 3624452.5505, 294986.39240000024 3624454.499500001, 294987.0831000004 3624451.7366000004, 294988.2730999999 3624448.6766, 294990.65309999976 3624445.956700001, 294992.5230999999 3624443.9167, 294992.60360000003 3624443.964400001, 294992.7131000003 3624443.7766999993, 294997.75299999956 3624444.4967, 295002.07299999986 3624447.1965999994, 295002.8903999999 3624448.8313999996, 295004.15869999956 3624453.230900001, 295004.59300000034 3624455.8366, 295004.79310000036 3624455.431399999, 295004.8099999996 3624455.49, 295016.85589999985 3624433.6926000006, 295017.41000000015 3624432.6899999995, 295001.2440999998 3624418.0637, 294998.5099999998 3624415.59, 294997.2834999999 3624418.0429999996, 294996.8130000001 3624417.6668, 294996.78440000024 3624417.6478000004, 294989.8099999996 3624438.09, 294988.2455000002 3624437.8291999996, 294988.2430999996 3624437.8367, 294985.0566999996 3624437.3587999996, 294984.2730999999 3624441.2766999993, 294976.3531999998 3624439.5166999996, 294976.03839999996 3624434.7957000006, 294976.1531999996 3624434.5967999995, 294984.2531000003 3624435.8566999994, 294984.2845999999 3624435.3749, 294984.70999999996 3624435.6899999995, 294985.91000000015 3624435.09, 294985.91000000015 3624410.5056, 294986.0530000003 3624408.3169, 294985.91000000015 3624408.2454000004, 294985.91000000015 3624408.09, 294982.3967000004 3624406.1138000004, 294981.09640000015 3624405.4636000004, 294975.54569999967 3624402.6883000005, 294975.53220000025 3624402.7464000005, 294971.42310000025 3624400.6919, 294970.46079999954 3624400.2107999995, 294964.5667000003 3624400.2107999995, 294961.9423000002 3624400.5195000004, 294961.87320000026 3624400.3670000006, 294957.61319999956 3624400.7929999996, 294957.55119999964 3624400.319, 294953.41619999986 3624395.5160000008, 294953.51999999955 3624395.539999999, 294952.00430000015 3624393.7554, 294941.1200000001 3624380.9399999995, 294931.21360000037 3624386.8302999996, 294929.11340000015 3624386.9771999996, 294929.11340000015 3624387.5953, 294928.25 3624387.6949000005, 294928.25 3624400.2200000007, 294928.25 3624412.619999999, 294929.0499999998 3624423.2200000007, 294929.37430000026 3624423.422700001)))";"93";"Estreito da Calheta";"Calheta";"Ilha da Madeira (Madeira)"
"2345";"7343683";"2946240000000";"137.95487343991226";"706.7711032425129";"MULTIPOLYGON (((294535.82749999966 3623496.2487000003, 294541.74849999975 3623496.468699999, 294542.2142000003 3623496.694, 294558.1924999999 3623499.6613999996, 294564.69400000013 3623503.4539, 294566.0532999998 3623503.1141, 294566.0099999998 3623503.2200000007, 294576.5491000004 3623501.2314999998, 294576.61000000034 3623501.2200000007, 294577.41000000015 3623498.8200000003, 294576.9036999997 3623497.9340000004, 294575.23819999956 3623497.8205999993, 294576.1299999999 3623497.26, 294572.1191999996 3623489.587099999, 294572.1201999998 3623489.5628999993, 294571.9593000002 3623489.281300001, 294571.53000000026 3623488.460000001, 294566.90699999966 3623482.185900001, 294553.22279999964 3623483.569700001, 294552.6085000001 3623483.8768000007, 294536.5741999997 3623484.2040999997, 294536.5007999996 3623484.0572999995, 294535.11560000014 3623484.1294, 294528.6667999998 3623484.465, 294524.2642000001 3623484.6941, 294524.25270000007 3623484.6041, 294521.49349999987 3623484.6041, 294521.5340999998 3623484.8681000005, 294521.5840999996 3623485.193, 294521.6643000003 3623485.1841, 294521.8201000001 3623486.7273999993, 294521.86429999955 3623487.0141000003, 294521.8540000003 3623487.0622000005, 294522.1107000001 3623489.6041, 294524.8476999998 3623489.6041, 294524.82239999995 3623489.390900001, 294530.73419999983 3623489.6941, 294530.4988000002 3623496.0506999996, 294535.82749999966 3623496.2487000003)))";"93";"Estreito da Calheta";"Calheta";"Ilha da Madeira (Madeira)"
"2359";"21938809";"2966250000000";"72.991093725884";"314.5499999865424";"MULTIPOLYGON (((296098.46999999974 3624768.0999999996, 296110.3700000001 3624754, 296095.8700000001 3624744.8000000007, 296083.8700000001 3624759.0999999996, 296090.1699999999 3624763.9000000004, 296091.1699999999 3624762.5999999996, 296098.46999999974 3624768.0999999996)))";"93";"Estreito da Calheta";"Calheta";"Ilha da Madeira (Madeira)"
"2440";"7325387";"2916290000000";"278.1811206870214";"1720.6893185731587";"MULTIPOLYGON (((290780.01329999976 3630109.5068999995, 290783.26329999976 3630107.9769, 290783.8836000003 3630108.8586, 290783.27329999954 3630108.7568999995, 290783.0724999998 3630113.3761, 290778.04000000004 3630115.24, 290784.63999999966 3630128.4399999995, 290788.2400000002 3630135.84, 290795.63999999966 3630150.84, 290798.04000000004 3630156.24, 290805.63999999966 3630155.84, 290805.1830000002 3630154.7157000005, 290805.5932 3630155.556500001, 290806.0250000004 3630155.3994999994, 290803.4400000004 3630148.4399999995, 290790.04000000004 3630120.039999999, 290783.83999999985 3630108.24, 290795.63999999966 3630110.24, 290795.68649999984 3630110.2858000007, 290813.77919999976 3630112.3071999997, 290795.8099999996 3630080.8200000003, 290787.3490000004 3630061.9177, 290770.1032999996 3630070.0972000007, 290761.81340000033 3630075.0771999992, 290780.01329999976 3630109.5068999995)))";"93";"Fajã da Ovelha";"Calheta";"Ilha da Madeira (Madeira)"
"2777";"7334168";"2926270000000";"140.034727443719";"793.9339723755069";"MULTIPOLYGON (((292480.7849000003 3626817.3158, 292490.4868000001 3626812.4648, 292492.98089999985 3626811.217700001, 292487.68479999993 3626804.577299999, 292488.1878000004 3626804.3617000002, 292478.06070000026 3626787.8643999994, 292476.88999999966 3626786.1999999993, 292476.7061999999 3626785.7983, 292471.26489999983 3626773.9033000004, 292468.31570000015 3626767.4561, 292468.29000000004 3626767.4000000004, 292466.54870000016 3626768.226399999, 292465.7949000001 3626766.6761000007, 292459.5549999997 3626769.916099999, 292452.2259999998 3626775.4791, 292450.95359999966 3626776.4449000005, 292450.00769999996 3626777.162900001, 292449.59499999974 3626777.4760999996, 292449.6906000003 3626777.5864000004, 292449.8043999998 3626777.4836, 292470.0884999996 3626800.5336000007, 292471.88489999995 3626803.3659000006, 292478.08490000013 3626812.025800001, 292477.69379999954 3626812.1163999997, 292479.0099999998 3626814.3100000005, 292478.5564000001 3626814.390900001, 292479.0968000004 3626815.1001999993, 292480.7849000003 3626817.3158)))";"93";"Fajã da Ovelha";"Calheta";"Ilha da Madeira (Madeira)"
"2808";"9839315";"2926280000000";"115.12553242969919";"656.5809743688542";"MULTIPOLYGON (((292315.1632000003 3627582.8125, 292315.27919999976 3627583.4091, 292320.18379999977 3627597.5408999994, 292346.4424999999 3627592.9865000006, 292356.5700000003 3627591.2300000004, 292353.2485999996 3627571.7903000005, 292336 3627575.539999999, 292336.4000000004 3627579.24, 292315.1632000003 3627582.8125)))";"93";"Fajã da Ovelha";"Calheta";"Ilha da Madeira (Madeira)"
"2916";"20031849";"2926280000000";"40.73851689389563";"95.44674442139092";"MULTIPOLYGON (((292392.27529999986 3628091.183599999, 292404.8766000001 3628094.8589999992, 292406.8563000001 3628088.1132999994, 292406.94130000006 3628087.8237999994, 292407.1852000002 3628086.9925999995, 292397.7999999998 3628085.3200000003, 292396.8230999997 3628085.3664999995, 292395.7000000002 3628085.42, 292395.7854000004 3628085.5084000006, 292394.54810000025 3628085.2172999997, 292392.27529999986 3628091.183599999)))";"93";"Fajã da Ovelha";"Calheta";"Ilha da Madeira (Madeira)"
"2992";"7332215";"2916280000000";"63.75421082576648";"171.24309783829312";"MULTIPOLYGON (((291644.7605999997 3627665.7228999995, 291644.7909000004 3627665.6952, 291653.53000000026 3627673.7200000007, 291659.98819999956 3627670.4466999993, 291660.8300000001 3627670.0199999996, 291641.03000000026 3627653.7200000007, 291640.9612999996 3627653.7839, 291638.1283 3627656.4186000004, 291638.1299999999 3627656.42, 291636.1799999997 3627658.2699999996, 291644.7605999997 3627665.7228999995)))";"93";"Fajã da Ovelha";"Calheta";"Ilha da Madeira (Madeira)"
"3014";"7326534";"2926280000000";"121.49906246798355";"635.1662794470164";"MULTIPOLYGON (((291991.6001000004 3628198.7115, 292003.03089999966 3628204.8824000005, 292009.4632000001 3628209.2564000003, 292012.6826999998 3628200.7655999996, 292011.93099999987 3628201.6773000006, 292005.2309999997 3628197.8773999996, 292006.83100000024 3628193.1774000004, 292003.5310000004 3628192.4773999993, 292012.38939999975 3628178.147500001, 292011.8309000004 3628177.8275000006, 292002.00100000016 3628170.1075999998, 291997.7209999999 3628172.7875999995, 291997.5310000004 3628172.977600001, 291985.78110000025 3628178.3575, 291984.96109999996 3628178.5175, 291982.18010000046 3628180.1917000003, 291982.25 3628180.1799999997, 291983.0499999998 3628184.7799999993, 291984.25 3628186.380000001, 291986.0499999998 3628190.7799999993, 291987.8499999996 3628190.7799999993, 291989.0499999998 3628192.9800000004, 291991.6500000004 3628198.58, 291991.6001000004 3628198.7115)))";"93";"Fajã da Ovelha";"Calheta";"Ilha da Madeira (Madeira)"
"3050";"7325895";"2926290000000";"67.68513847370377";"272.26856853347783";"MULTIPOLYGON (((292335.7898000004 3628700.713300001, 292336.2781999996 3628699.8619999997, 292342.5577999996 3628688.9169999994, 292342.69990000036 3628689.0327000003, 292342.6719000004 3628688.3455, 292342.6623999998 3628688.115, 292331.95999999996 3628679.2699999996, 292329.5599999996 3628676.869999999, 292329.2599999998 3628677.17, 292321.7599999998 3628692.4700000007, 292321.36000000034 3628692.869999999, 292321.27880000044 3628693.0185000002, 292321.9698999999 3628693.4733000007, 292321.9698999999 3628694.4133, 292322.27990000043 3628693.8933000006, 292335.7898000004 3628700.713300001)))";"93";"Fajã da Ovelha";"Calheta";"Ilha da Madeira (Madeira)"
"3065";"20999742";"2916280000000";"102.63551595328494";"533.0329415806948";"MULTIPOLYGON (((290643.6518000001 3628795.1724999994, 290645.96999999974 3628796.7300000004, 290659.26999999955 3628763.5299999993, 290654.46609999985 3628761.8486, 290653.87480000034 3628761.6416999996, 290651.26999999955 3628760.7300000004, 290649.0888 3628768.091499999, 290647.00430000015 3628768.0657, 290640.5700000003 3628765.4299999997, 290640.3700000001 3628766.2300000004, 290638.92360000033 3628767.9656000007, 290635.3700000001 3628772.2300000004, 290632.0700000003 3628777.83, 290632.19020000007 3628780.2332000006, 290632.3700000001 3628783.83, 290632.8700000001 3628788.2300000004, 290634.46999999974 3628790.83, 290635.9458999997 3628791.2929999996, 290639.5700000003 3628792.4299999997, 290643.6518000001 3628795.1724999994)))";"93";"Fajã da Ovelha";"Calheta";"Ilha da Madeira (Madeira)"
"3121";"16350369";"2906290000000";"101.74056581631733";"387.81652615187176";"MULTIPOLYGON (((290373.9219000004 3628605.9274000004, 290377.46499999985 3628601.6141, 290370.79000000004 3628598.6799999997, 290374.767 3628583.8389999997, 290374.6900000004 3628583.7799999993, 290379.79000000004 3628572.2799999993, 290371.4900000002 3628567.1799999997, 290371.1096999999 3628567.864499999, 290371.0834999997 3628567.8477999996, 290368.1900000004 3628574.08, 290365.38999999966 3628580.08, 290365.3984000003 3628580.092700001, 290357.79000000004 3628596.4800000004, 290373.9219000004 3628605.9274000004)))";"93";"Fajã da Ovelha";"Calheta";"Ilha da Madeira (Madeira)"
"3181";"21803243";"2926270000000";"92.95521695635458";"282.054017652976";"MULTIPOLYGON (((291926.3167000003 3627137.5613, 291926.85929999966 3627137.5946999993, 291926.43149999995 3627136.5251, 291926.6624999996 3627136.5506999996, 291926.31879999954 3627135.445800001, 291926.40479999967 3627135.6148000006, 291926.4583999999 3627135.7201000005, 291926.11000000034 3627133.0199999996, 291925.82550000027 3627132.813100001, 291923.91000000015 3627131.42, 291919.11000000034 3627130.619999999, 291900.07070000004 3627127.1229999997, 291899.91949999984 3627127.5349000003, 291900.81659999955 3627127.766899999, 291899.48429999966 3627127.5076, 291891.36230000015 3627125.081599999, 291891.36149999965 3627124.9328000005, 291889.7547000004 3627124.4553999994, 291889.88960000034 3627134.3912000004, 291899.1634999998 3627135.887, 291901.7078999998 3627136.2973999996, 291901.6721000001 3627136.0339, 291901.6741000004 3627136.0418, 291926.3167000003 3627137.5613)))";"93";"Fajã da Ovelha";"Calheta";"Ilha da Madeira (Madeira)"
"3400";"12703503";"2916270000000";"283.3965153576406";"4145.241177074943";"MULTIPOLYGON (((291384.19770000037 3626578.6664000005, 291399.8099999996 3626547.710000001, 291399.8104999997 3626547.7097999994, 291399.80979999993 3626547.7093, 291405.04000000004 3626537.4499999993, 291404.4084000001 3626537.0260000005, 291404.48000000045 3626536.880000001, 291408.47030000016 3626539.2983999997, 291408.5099999998 3626539.2200000007, 291380.3212000001 3626517.6086, 291381.22360000014 3626516.296, 291372.11479999963 3626502.1268000007, 291346.15550000034 3626479.7676999997, 291346.1113999998 3626479.8716, 291345.25 3626479.16, 291325.28670000006 3626528.8835000005, 291323.6774000004 3626532.6711, 291323.75370000023 3626532.7016000003, 291323.6500000004 3626532.960000001, 291323.8052000003 3626532.7222000007, 291324.75850000046 3626533.1034999993, 291324.25 3626533.16, 291335.6308000004 3626539.988500001, 291332.8920999998 3626546.503900001, 291365.76829999965 3626568.3556999993, 291365.76860000007 3626568.355900001, 291366.01489999983 3626567.392999999, 291384.19770000037 3626578.6664000005)))";"93";"Paul do Mar";"Calheta";"Ilha da Madeira (Madeira)"
